[
    {
        "name": "М",
        "regions": [
            {
                "name": "Московская область",
                "cities": [
                    { "id": 1, "name": "Красногорск" },
                    { "id": 2, "name": "Химки" },
                    { "id": 3, "name": "Зеленоград" }
                ]
            }
        ]
    },
    {
        "name": "Л",
        "regions": [
            {
                "name": "Ленинградская область",
                "cities": [
                    { "id": 4, "name": "Пушкин" },
                    { "id": 5, "name": "Петергоф" }
                ]
            }
        ]
    },
    {
        "name": "С",
        "regions": [
            {
                "name": "Свердловская область",
                "cities": [
                    { "id": 6, "name": "Екатеринбург" },
                    { "id": 7, "name": "Ревда" },
                    { "id": 8, "name": "Первоуральск" },
                    { "id": 9, "name": "Верхняя Пышма" }
                ]
            }
        ]
    }
]